{"ate": 0.01142324991447805, "pval": 6.013592176641916e-122}