{"ate": -7.147114970240911e-05, "p": 0.0005601254003661122}